,accuracy,precision1,precision2,recall1,recall2,f11,f12
0,0.823960880195599,0.8012244897959183,0.8511469009272816,0.8655202821869489,0.7817122366651725,0.8321322594319627,0.8149532710280374
