,accuracy,precision1,precision2,recall1,recall2,f11,f12
0,0.8737497221604801,0.8507148864592095,0.8995756718528995,0.9047406082289803,0.8431285903667698,0.8768964022540096,0.8704379562043796
