,accuracy,precision1,precision2,recall1,recall2,f11,f12
0,0.975994665481218,0.9706011408512506,0.9815315315315315,0.9818020417221482,0.9701691896705253,0.9761694616063548,0.9758172861621137
