,accuracy,precision1,precision2,recall1,recall2,f11,f12
0,0.797409277074007,0.8041098521221433,0.7908163265306123,0.7908953532300718,0.8040345821325648,0.7974478621083706,0.7973706773363818
