,accuracy,precision1,precision2,recall1,recall2,f11,f12
0,0.8388530784618804,0.850431447746884,0.8288437629506838,0.8111568358481939,0.8650519031141869,0.8303299789375147,0.8465608465608466
