,accuracy,precision1,precision2,recall1,recall2,f11,f12
0,0.9266503667481663,0.9360789360789361,0.9165129151291513,0.9234024545069827,0.9302434456928839,0.9296974861525351,0.9233271375464684
