,accuracy,precision1,precision2,recall1,recall2,f11,f12
0,0.8520106727653898,0.8397658679348821,0.8653272329421126,0.8714882308276386,0.8323765786452354,0.8553330228225432,0.8485321369355311
