,accuracy,precision1,precision2,recall1,recall2,f11,f12
0,0.7301622582796177,0.7397003745318352,0.7215404147270419,0.7059874888293118,0.7540911101282618,0.7224508459076361,0.7374567474048443
