,accuracy,precision1,precision2,recall1,recall2,f11,f12
0,0.8856444558785695,0.915195291599786,0.8582755203171457,0.8567493112947658,0.9161597460989156,0.8850084077092226,0.8862735064602789
