,accuracy,precision1,precision2,recall1,recall2,f11,f12
0,0.9657701711491442,0.9568560444254592,0.9754402224281742,0.9768861753161797,0.9542157751586582,0.9667673716012085,0.964711274060495
