,accuracy,precision1,precision2,recall1,recall2,f11,f12
0,0.7280754086624508,0.7019752550466681,0.7599364069952306,0.7811594202898551,0.6762556000943174,0.7394535269235166,0.7156581409856518
