,accuracy,precision1,precision2,recall1,recall2,f11,f12
0,0.8633029562124916,0.9269875608436993,0.8188679245283019,0.7812215132178669,0.9414316702819957,0.8478852337373237,0.875882946518668
