,accuracy,precision1,precision2,recall1,recall2,f11,f12
0,0.9426539230940209,0.9399558498896248,0.945389435989257,0.9458018658374056,0.9395017793594306,0.9428697962798936,0.9424364123159304
